令和３年,人口動態統計,,
上巻　出生　　第４．５表　都道府県別にみた年次別合計特殊出生率

注：１）全国値は、母の年齢15〜49歳の各歳における出生率の合計である。
　　　　都道府県の値は、2014年（平成26年）まで及び2016年（平成28年）以降は母の年齢５歳階級における出生率の５倍の合計、2015年（平成27年）、2020年（令和２年）は母の年齢15〜49歳の各歳における出生率の合計である。
　　　　分母に用いた人口は、全国は各歳別日本人人口、都道府県は2010年（平成22年）までの国勢調査年次は５歳階級別日本人人口、2015年（平成27年）、2020年（令和２年）の国勢調査年次は各歳別日本人人口、
　　　　他の年次は2014年（平成26年）までは５歳階級別総人口、2016年（平成28年）以降は５歳階級別日本人人口である。
　　２）2004・2006・2009〜2017年（平成16・18・21〜29年）の都道府県からの報告漏れ（2019年３月29日公表）による再集計を行ったことにより、2017年（平成29年）以前の報告書とは数値が一致しない箇所がある。
資料：　国立社会保障・人口問題研究所「人口統計資料集」、厚生労働省「人口動態統計」
,1960,1965,1970,1975,1980,1985,1990,1995,2000,2005,2007,2008,2009,2010,2011,2012,2013,2014,2015,2016,2017,2018,2019,2020,2021
全　国,2.00,2.14,2.13,1.91,1.75,1.76,1.54,1.42,1.36,1.26,1.34,1.37,1.37,1.39,1.39,1.41,1.43,1.42,1.45,1.44,1.43,1.42,1.36,1.33,1.30
01 北海道,2.17,2.13,1.93,1.82,1.64,1.61,1.43,1.31,1.23,1.15,1.19,1.20,1.19,1.26,1.25,1.26,1.28,1.27,1.31,1.29,1.29,1.27,1.24,1.21,1.20
02 青森県,2.48,2.45,2.25,2.00,1.85,1.80,1.56,1.56,1.47,1.29,1.28,1.30,1.26,1.38,1.38,1.36,1.40,1.42,1.43,1.48,1.43,1.43,1.38,1.33,1.31
03 岩手県,2.30,2.22,2.11,2.14,1.95,1.88,1.72,1.62,1.56,1.41,1.39,1.39,1.37,1.46,1.41,1.44,1.46,1.44,1.49,1.45,1.47,1.41,1.35,1.32,1.30
04 宮城県,2.13,2.08,2.06,1.96,1.86,1.80,1.57,1.46,1.39,1.24,1.27,1.29,1.25,1.30,1.25,1.30,1.34,1.30,1.36,1.35,1.31,1.30,1.23,1.20,1.15
05 秋田県,2.09,2.03,1.88,1.86,1.79,1.69,1.57,1.56,1.45,1.34,1.31,1.32,1.29,1.31,1.35,1.37,1.35,1.34,1.35,1.39,1.35,1.33,1.33,1.24,1.22
06 山形県,2.04,2.04,1.98,1.96,1.93,1.87,1.75,1.69,1.62,1.45,1.42,1.44,1.39,1.48,1.46,1.44,1.47,1.47,1.48,1.47,1.45,1.48,1.40,1.37,1.32
07 福島県,2.43,2.31,2.16,2.13,1.99,1.98,1.79,1.72,1.65,1.49,1.49,1.52,1.49,1.52,1.48,1.41,1.53,1.58,1.58,1.59,1.57,1.53,1.47,1.39,1.36
08 茨城県,2.31,2.35,2.30,2.09,1.87,1.86,1.64,1.53,1.47,1.32,1.35,1.37,1.37,1.44,1.39,1.41,1.42,1.43,1.48,1.47,1.48,1.44,1.39,1.34,1.30
09 栃木県,2.22,2.27,2.21,2.06,1.86,1.90,1.67,1.52,1.48,1.40,1.39,1.42,1.43,1.44,1.38,1.43,1.43,1.46,1.49,1.46,1.45,1.44,1.39,1.32,1.31
10 群馬県,2.03,2.21,2.16,1.99,1.81,1.85,1.63,1.56,1.51,1.39,1.36,1.40,1.38,1.46,1.41,1.39,1.41,1.44,1.49,1.48,1.47,1.47,1.40,1.39,1.35
11 埼玉県,2.16,2.40,2.35,2.06,1.73,1.72,1.50,1.41,1.30,1.22,1.26,1.28,1.28,1.32,1.28,1.29,1.33,1.31,1.39,1.37,1.36,1.34,1.27,1.27,1.22
12 千葉県,2.13,2.31,2.28,2.03,1.74,1.75,1.47,1.36,1.30,1.22,1.25,1.29,1.31,1.34,1.31,1.31,1.33,1.32,1.38,1.35,1.34,1.34,1.28,1.27,1.21
13 東京都,1.70,2.00,1.96,1.63,1.44,1.44,1.23,1.11,1.07,1.00,1.05,1.09,1.12,1.12,1.06,1.09,1.13,1.15,1.24,1.24,1.21,1.20,1.15,1.12,1.08
14 神奈川県,1.89,2.22,2.23,1.95,1.70,1.68,1.45,1.34,1.28,1.19,1.25,1.27,1.28,1.31,1.27,1.30,1.31,1.31,1.39,1.36,1.34,1.33,1.28,1.26,1.22
15 新潟県,2.13,2.24,2.10,2.03,1.88,1.88,1.69,1.59,1.51,1.34,1.37,1.37,1.37,1.43,1.41,1.43,1.44,1.43,1.44,1.43,1.41,1.41,1.38,1.33,1.32
16 富山県,1.91,1.94,1.94,1.94,1.77,1.79,1.56,1.49,1.45,1.37,1.34,1.38,1.37,1.42,1.37,1.42,1.43,1.45,1.51,1.50,1.55,1.52,1.53,1.44,1.42
17 石川県,2.05,2.11,2.07,2.08,1.87,1.79,1.60,1.46,1.45,1.35,1.40,1.41,1.40,1.44,1.43,1.47,1.49,1.45,1.54,1.53,1.54,1.54,1.46,1.47,1.38
18 福井県,2.17,2.25,2.10,2.06,1.93,1.93,1.75,1.67,1.60,1.50,1.52,1.54,1.55,1.61,1.56,1.60,1.60,1.55,1.63,1.65,1.62,1.67,1.56,1.56,1.57
19 山梨県,2.16,2.30,2.20,1.98,1.76,1.85,1.62,1.60,1.51,1.38,1.35,1.35,1.31,1.46,1.41,1.43,1.44,1.43,1.51,1.51,1.50,1.53,1.44,1.48,1.43
20 長野県,1.94,2.10,2.09,2.05,1.89,1.85,1.71,1.64,1.59,1.46,1.47,1.45,1.43,1.53,1.50,1.51,1.54,1.54,1.58,1.59,1.56,1.57,1.57,1.46,1.44
21 岐阜県,2.04,2.22,2.12,2.00,1.80,1.81,1.57,1.49,1.47,1.37,1.34,1.35,1.37,1.48,1.44,1.45,1.45,1.42,1.56,1.54,1.51,1.52,1.45,1.42,1.40
22 静岡県,2.11,2.21,2.12,2.02,1.80,1.85,1.60,1.48,1.47,1.39,1.44,1.44,1.43,1.54,1.49,1.52,1.53,1.50,1.54,1.55,1.52,1.50,1.44,1.39,1.36
23 愛知県,1.90,2.23,2.19,2.02,1.81,1.82,1.57,1.47,1.44,1.34,1.38,1.43,1.43,1.52,1.46,1.46,1.47,1.46,1.57,1.56,1.54,1.54,1.45,1.44,1.41
24 三重県,1.95,2.19,2.04,1.99,1.82,1.80,1.61,1.50,1.48,1.36,1.37,1.38,1.40,1.51,1.47,1.47,1.49,1.45,1.56,1.53,1.49,1.54,1.47,1.42,1.43
25 滋賀県,2.02,2.19,2.19,2.13,1.96,1.97,1.75,1.58,1.53,1.39,1.42,1.45,1.44,1.54,1.51,1.53,1.53,1.53,1.61,1.56,1.54,1.55,1.47,1.50,1.46
26 京都府,1.72,2.02,2.02,1.81,1.67,1.68,1.48,1.33,1.28,1.18,1.18,1.22,1.20,1.28,1.25,1.23,1.26,1.24,1.35,1.34,1.31,1.29,1.25,1.26,1.22
27 大阪府,1.81,2.20,2.17,1.90,1.67,1.69,1.46,1.33,1.31,1.21,1.24,1.28,1.28,1.33,1.30,1.31,1.32,1.31,1.39,1.37,1.35,1.35,1.31,1.31,1.27
28 兵庫県,1.90,2.15,2.12,1.96,1.76,1.75,1.53,1.41,1.38,1.25,1.30,1.34,1.33,1.41,1.40,1.40,1.42,1.41,1.48,1.49,1.47,1.44,1.41,1.39,1.36
29 奈良県,1.87,2.09,2.08,1.85,1.70,1.69,1.49,1.36,1.30,1.19,1.22,1.22,1.23,1.29,1.27,1.32,1.31,1.27,1.38,1.36,1.33,1.37,1.31,1.28,1.30
30 和歌山県,1.95,2.21,2.10,1.95,1.80,1.79,1.55,1.48,1.45,1.32,1.34,1.41,1.36,1.47,1.49,1.53,1.52,1.55,1.54,1.50,1.52,1.48,1.46,1.43,1.43
31 鳥取県,2.05,2.08,1.96,2.02,1.93,1.93,1.82,1.69,1.62,1.47,1.47,1.43,1.46,1.54,1.58,1.57,1.62,1.60,1.65,1.60,1.66,1.61,1.63,1.52,1.51
32 島根県,2.13,2.10,2.02,2.10,2.01,2.01,1.85,1.73,1.65,1.50,1.53,1.51,1.55,1.68,1.61,1.68,1.65,1.66,1.78,1.75,1.72,1.74,1.68,1.60,1.62
33 岡山県,1.89,1.99,2.03,2.05,1.86,1.89,1.66,1.55,1.51,1.37,1.41,1.43,1.39,1.50,1.48,1.47,1.49,1.49,1.54,1.56,1.54,1.53,1.47,1.48,1.45
34 広島県,1.92,2.07,2.07,2.05,1.84,1.83,1.63,1.48,1.41,1.34,1.43,1.45,1.47,1.55,1.53,1.54,1.57,1.55,1.60,1.57,1.56,1.55,1.49,1.48,1.42
35 山口県,1.92,2.00,1.98,1.92,1.79,1.82,1.56,1.50,1.47,1.38,1.42,1.43,1.43,1.56,1.52,1.52,1.56,1.54,1.60,1.58,1.57,1.54,1.56,1.48,1.49
36 徳島県,2.02,2.12,1.97,1.89,1.76,1.80,1.61,1.52,1.45,1.26,1.30,1.30,1.35,1.42,1.43,1.44,1.43,1.46,1.53,1.51,1.51,1.52,1.46,1.48,1.44
37 香川県,1.84,1.99,1.97,1.96,1.82,1.81,1.60,1.51,1.53,1.43,1.48,1.47,1.48,1.57,1.56,1.56,1.59,1.57,1.63,1.64,1.65,1.61,1.59,1.47,1.51
38 愛媛県,2.10,2.20,2.02,1.97,1.79,1.78,1.60,1.53,1.45,1.35,1.40,1.40,1.41,1.50,1.51,1.52,1.52,1.50,1.53,1.54,1.54,1.55,1.46,1.40,1.40
39 高知県,1.94,2.02,1.97,1.91,1.64,1.81,1.54,1.51,1.45,1.32,1.31,1.36,1.29,1.42,1.39,1.43,1.47,1.45,1.51,1.47,1.56,1.48,1.47,1.43,1.45
40 福岡県,1.92,2.00,1.95,1.83,1.74,1.75,1.52,1.42,1.36,1.26,1.34,1.37,1.37,1.44,1.42,1.43,1.45,1.46,1.52,1.50,1.51,1.49,1.44,1.41,1.37
41 佐賀県,2.35,2.28,2.13,2.03,1.93,1.95,1.75,1.64,1.67,1.48,1.51,1.55,1.49,1.61,1.61,1.61,1.59,1.63,1.64,1.63,1.64,1.64,1.64,1.59,1.56
42 長崎県,2.72,2.54,2.33,2.13,1.87,1.87,1.70,1.60,1.57,1.45,1.48,1.50,1.50,1.61,1.60,1.63,1.64,1.66,1.67,1.71,1.70,1.68,1.66,1.61,1.60
43 熊本県,2.25,2.19,1.98,1.94,1.83,1.85,1.65,1.61,1.56,1.46,1.54,1.58,1.58,1.62,1.62,1.62,1.65,1.64,1.68,1.66,1.67,1.69,1.60,1.60,1.59
44 大分県,2.05,2.08,1.97,1.93,1.82,1.78,1.58,1.55,1.51,1.40,1.47,1.53,1.50,1.56,1.55,1.53,1.56,1.57,1.59,1.65,1.62,1.59,1.53,1.55,1.54
45 宮崎県,2.43,2.30,2.15,2.11,1.93,1.90,1.68,1.70,1.62,1.48,1.59,1.60,1.61,1.68,1.68,1.67,1.72,1.69,1.71,1.71,1.73,1.72,1.73,1.65,1.64
46 鹿児島県,2.66,2.39,2.21,2.11,1.95,1.93,1.73,1.62,1.58,1.49,1.54,1.59,1.56,1.62,1.64,1.64,1.63,1.62,1.70,1.68,1.69,1.70,1.63,1.61,1.65
47 沖縄県,…,…,…,2.88,2.38,2.31,1.95,1.87,1.82,1.72,1.75,1.78,1.79,1.87,1.86,1.90,1.94,1.86,1.96,1.95,1.94,1.89,1.82,1.83,1.80
