,Prefectures,1954,1955,1956,1957,1958,1959,1960,1961,1962,1963,1964,1965,1966,1967,1968,1969,1970,1971,1972,1973,1974,1975,1976,1977,1978,1979,1980,1981,1982,1983,1984,1985,1986,1987,1988,1989,1990,1991,1992,1993,1994,1995,1996,1997,1998,1999,2000,2001,2002,2003,2004,2005,2006,2007,2008,2009,2010,2011,2012,2013,2014,2015,2016,2017,2018,2019,2020,2021
1, Hokkaido,"-5,687",757,"-2,365","12,923","11,040",405,"-14,309","-30,003","-32,336","-40,782","-33,190","-30,843","-28,187","-39,884","-44,967","-55,281","-74,591","-55,390","-39,433","-34,586","-13,505","-5,175",-895,"-4,329","-4,354","-1,824","-4,729","-10,389","-11,680","-13,648","-19,885","-27,078","-32,047","-34,338","-23,581","-21,795","-16,326","-10,792","-5,730","-2,607",-858,"1,076","-1,517","-3,638","-9,632","-7,668","-8,918","-10,624","-8,772","-9,809","-11,705","-14,211","-18,386","-20,267","-21,129","-12,178","-8,637","-2,482","-6,745","-8,154","-8,942","-8,862","-6,874","-6,569","-7,953","-7,730","-1,924","-2,147"
2, Aomori-ken,"-6,110","-5,097","-5,423","-6,769",- 8 003,"-8,621","-12,680","-17,227","-20,322","-16,247","-16,109","-16,114","-10,599","-12,099","-12,156","-13,932","-16,910","-15,271","-10,988","-9,959","-8,587","-2,467",-436,"-2,339","-1,501","-4,348","-5,152","-8,034","-8,446","-9,200","-10,858","-10,467","-12,809","-11,944","-12,835","-11,858","-11,007","-9,709","-7,193","-3,181","-1,039",-695,"-1,662","-2,503","-2,920","-2,533","-2,329","-2,974","-4,417","-5,185","-6,644","-7,182","-9,465","-10,274","-9,266","-6,599","-5,032","-3,256","-5,343","-6,056","-6,460","-6,560","-6,323","-6,075","-6,452","-6,347","-4,732","-4,227"
3, Iwate-ken,"-9,613","-8,414","-8,791","-11,613",- 9 191,"-11,558","-14,715","-20,050","-20,691","-20,732","-24,166","-19,966","-17,317","-19,473","-17,416","-20,333","-21,239","-18,048","-14,858","-11,481","-7,351","-5,119","-3,872","-5,795","-4,500","-4,598","-4,679","-5,210","-6,443","-6,836","-6,921","-7,988","-9,016","-10,013","-7,267","-8,209","-5,012","-4,480","-3,074",-954,-965,-469,-606,"-1,082","-2,107","-1,774","-2,222","-3,568","-4,684","-4,078","-4,490","-5,868","-5,873","-7,010","-6,911","-5,543","-4,238","-3,443","-2,385","-2,431","-3,200","-4,122","-3,870","-4,361","-5,000","-4,668","-3,867","-2,873"
4, Miyagi-ken,"-9,677","-7,606","-10,395","-19,332",- 11 959,"-15,562","-19,250","-21,231","-19,731","-12,619","-10,612","-8,596","-6,875","-5,540","-4,476","-4,327","-2,509",-719,"1,615","5,878","8,668","7,304","6,167","4,072","4,236","6,794","4,164","3,537","3,787",393,-114,324,140,"2,818","4,429","4,101","4,893","7,267","6,184","6,753","6,107","7,112","4,882","3,887","1,302",39,-731,"-2,308","-3,550","-1,557","-3,283","-3,750","-4,961","-5,394","-5,026","-1,927",-556,"-6,402","6,069","4,656","2,437",-76,-483,"-1,262","-1,700","-3,083",-164,117
5, Akita-ken,"-11,974","-10,831","-14,708","-18,702",- 16 721,"-15,666","-20,264","-23,694","-25,511","-23,941","-21,539","-21,339","-17,576","-17,352","-17,301","-16,695","-18,252","-16,045","-14,125","-12,561","-8,380","-3,847","-2,547","-3,474","-4,143","-3,612","-5,092","-6,045","-7,768","-7,152","-7,160","-6,932","-8,181","-7,785","-7,645","-6,872","-5,066","-4,754","-3,600","-2,204",-950,"-1,743","-2,121","-2,575","-2,454","-2,574","-3,068","-3,137","-4,034","-4,382","-3,654","-4,767","-5,814","-6,806","-6,187","-4,549","-3,728","-2,690","-3,574","-4,595","-4,423","-4,492","-4,398","-4,319","-4,542","-4,194","-3,000","-2,898"
6, Yamagata-ken,"-15,780","-14,124","-14,554","-17,867",- 16 885,"-18,106","-17,201","-22,658","-23,166","-20,532","-20,665","-19,090","-14,912","-13,029","-14,334","-13,936","-15,236","-15,199","-11,681","-9,439","-6,528","-4,388","-2,072","-2,413","-2,440","-3,119","-3,016","-4,010","-5,348","-5,530","-4,161","-4,280","-4,638","-4,312","-3,887","-4,694","-3,878","-3,161","-2,423","-1,487","-1,127",-646,"-1,969","-1,717","-1,767","-2,265","-1,734","-3,456","-3,612","-4,011","-3,618","-4,215","-4,674","-5,195","-5,207","-4,000","-3,607",-913,"-2,700","-4,081","-3,573","-4,143","-3,639","-3,864","-3,882","-4,543","-3,227","-3,111"
7, Fukushima-ken,"-27,014","-22,190","-25,938","-30,957",- 24 068,"-30,039","-36,491","-36,987","-36,358","-33,322","-29,999","-27,015","-24,496","-21,087","-20,995","-20,004","-18,110","-20,814","-15,796","-12,034","-8,177","-7,578","-5,173","-3,980","-4,982","-5,045","-4,536","-6,336","-5,759","-4,936","-4,070","-4,903","-6,327","-4,684","-4,894","-3,710","-2,235","-2,238",455,"1,456",613,272,"-1,613","-2,747","-3,553","-3,106","-3,412","-5,782","-6,063","-6,389","-6,157","-6,302","-7,785","-8,949","-8,284","-7,909","-5,752","-31,381","-13,843","-5,200","-2,211","-2,395","-5,839","-8,395","-7,841","-6,925","-6,278","-5,671"
8, Ibaraki-ken,"-19,978","-18,014","-17,539","-18,101",- 19 456,"-20,196","-17,012","-10,131","-15,066","-18,959","-17,045","-17,014","-17,418","-7,817","-4,793","10,973","14,042","10,434","4,727","15,306","19,068","15,469","12,898","15,209","24,681","27,507","24,106","17,495","19,555","13,414","8,220","8,092","6,109","10,190","14,775","15,820","13,986","16,548","13,693","11,755","10,478","6,778","2,723","2,594",723,-564,"-3,699","-4,672","-4,459","-4,093","-3,454","-3,439","-2,157","-2,446","-2,456","1,722",944,"-4,751","-4,066","-5,138","-4,849","-4,826","-3,709","-3,012","-4,760","-4,505","-1,748",881
9, Tochigi-ken,"-21,649","-19,947","-19,023","-20,440",- 18 764,"-19,345","-18,123","-13,509","-11,429","-10,745","-10,236","-10,510","-10,413","-6,071","-1,548","2,042","6,755","5,662","3,074","7,038","4,194",145,623,"1,296","1,346","4,861","1,861",631,384,-256,"1,748","3,400","2,538","3,482","3,338","4,248","6,678","4,938","3,850","5,021","2,517","2,463","2,968","1,724",818,270,135,"-1,885","-2,156",-392,"1,465",-319,"-1,185",-118,"-1,503","-2,573","-1,525","-1,414","-1,286","-1,463","-1,795","-2,924","-2,988","-1,610","-2,897","-3,518","-1,758",-716
10, Gumma-ken,"-18,508","-14,462","-16,876","-21,829",- 20 867,"-19,973","-16,561","-14,592","-10,442","-9,768","-7,537","-7,814","-7,795","-5,050","-3,663","-2,943",-331,"-1,343",437,"3,049","1,630",-862,"3,971","3,791","1,923",912,"1,765","2,668","1,839","1,580","2,220","1,624",468,83,689,"2,191","1,451","2,035","1,382","1,175","1,584",674,-98,441,-40,825,50,"-1,002","-1,399",-818,"-2,022","-1,607","-2,456","-2,866","-2,370","-1,882","-1,298","-1,250","-1,298","-2,434","-2,250","-2,149","-2,736","-3,631","-2,711","-4,084","-2,278",-974
11, Saitama-ken,-508,535,591,"4,552", 8 123,"22,513","34,045","42,055","67,977","100,915","99,666","104,772","114,046","113,803","113,840","111,190","135,775","122,274","120,960","122,088","93,032","84,090","71,783","60,700","55,552","54,472","51,734","47,622","44,465","39,606","37,808","39,763","52,352","83,750","82,365","74,897","59,883","46,746","44,849","38,538","28,738","22,000","15,949","8,243","6,077","4,042","4,222","6,867","3,439","6,294","3,272",-240,"7,708","8,544","14,872","18,083","15,424","12,143","10,298","11,554","14,909","13,528","15,560","14,923","17,036","17,963","17,912","22,479"
12, Chiba-ken,"-11,834","-5,717","-5,915","1,875", 2 232,"3,773","17,173","29,838","46,847","47,948","68,191","51,597","58,813","78,013","90,154","109,495","111,187","92,565","97,272","98,842","96,609","77,600","65,310","66,724","79,253","73,187","66,091","54,360","44,536","39,242","33,490","32,065","37,943","57,293","62,165","53,318","40,813","35,808","32,709","24,522","13,180","8,128","4,505","5,764","7,017","11,797","9,616","13,429","13,585","10,954","1,960","6,117","12,398","19,632","24,178","21,692","14,187","-3,935","-8,188","2,442","8,364","10,605","16,075","16,203","16,924","17,187","16,770","18,225"
13, Tokyo-to,"242,139","218,291","225,041","244,010", 224 248,"222,592","210,713","188,758","138,950","109,448","38,035","41,650","20,863","-25,909","-46,731","-65,967","-104,563","-96,486","-125,250","-172,764","-166,104","-128,589","-122,348","-105,523","-105,548","-106,816","-94,889","-63,904","-39,610","-11,509","-2,182","1,670","-3,968","-56,303","-72,861","-61,814","-51,076","-36,248","-50,824","-67,559","-60,856","-32,537","-5,518","17,291","31,319","37,156","54,920","68,118","73,275","66,400","72,881","86,562","90,079","94,500","83,000","56,220","48,331","44,482","56,497","70,172","73,280","81,696","74,177","75,498","82,774","86,575","38,374","10,815"
14, Kanagawa-ken,"45,544","38,835","43,850","59,677", 59 057,"73,413","93,335","116,459","134,100","119,352","149,813","125,862","99,037","114,496","127,478","115,078","127,731","114,062","87,547","67,034","49,349","32,747","29,698","34,896","40,480","32,300","28,114","36,813","40,188","41,870","43,494","49,149","69,394","78,904","58,467","50,814","45,425","30,399","16,614","5,664","2,024","-2,593","3,316","8,367","18,000","12,688","19,237","28,419","29,076","24,293","22,749","22,249","21,848","32,474","29,646","21,466","14,887","10,119","8,602","12,356","12,855","13,528","12,056","13,155","18,866","23,851","24,949","28,922"
15, Niigata-ken,"-29,487","-27,778","-27,194","-33,057",- 25 529,"-31,511","-32,723","-31,881","-32,382","-32,102","-28,366","-24,297","-22,787","-23,571","-25,006","-25,489","-25,084","-23,903","-19,199","-15,139","-8,238","-7,829","-6,626","-8,639","-6,439","-6,396","-4,213","-8,710","-8,235","-8,887","-8,005","-8,381","-10,169","-9,070","-6,874","-6,779","-5,284","-4,097","-2,586",-29,"1,819",897,-231,-734,"-3,112","-4,366","-4,594","-5,117","-5,377","-4,573","-4,918","-5,499","-6,923","-6,783","-6,316","-4,461","-4,104","-2,170","-4,845","-5,132","-5,518","-6,735","-6,189","-6,566","-7,544","-8,162","-6,107","-5,786"
16, Toyama-ken,"-9,397","-8,722","-7,378","-7,033",- 6 909,"-8,022","-7,669","-7,753","-8,306","-8,889","-7,740","-7,756","-8,777","-8,424","-8,110","-6,866","-4,464","-3,821","-2,896","-1,943","-1,687","-1,511","-1,506","-1,238","-1,197",-940,"-1,495","-1,995","-1,819","-1,874","-1,704","-1,626","-2,139","-2,285","-2,124","-1,854","-1,668","-1,126","-1,742",63,224,294,401,-514,"-1,152","-1,059","-1,168","-2,329","-1,790","-1,361","-1,117","-1,157","-1,309","-1,820","-2,152","-1,932",-646,-340,-673,"-1,354","-1,091","-1,045","-1,004","-1,093","-1,617","-2,006","-1,722","-1,617"
17, Ishikawa-ken,"-6,874","-5,355","-4,640","-7,293",- 6 511,"-6,097","-4,838","-4,592","-5,960","-5,573","-4,159","-3,868","-4,974","-3,732","-3,814","-2,998","-2,405","-2,555",-475,"1,498","1,761",454,"1,219",-464,-761,585,325,-322,57,"-1,182","-1,800","-1,631","-2,661","-2,819","-1,550","-1,341","-1,342",-933,-120,-245,-430,895,-373,"-1,633","-1,378","-1,163","-1,154","-2,172","-1,288","-2,153","-2,316","-2,783","-2,215","-2,153","-1,701",-870,-523,-754,-421,-782,-586,-287,-811,-628,"-1,597","-2,556","-1,499","-1,147"
18, Fukui-ken,"-7,349","-4,896","-5,728","-7,503",- 7 051,"-6,785","-6,012","-5,532","-6,670","-5,742","-7,135","-7,172","-6,237","-5,948","-6,688","-5,530","-4,344","-3,680","-2,287",-947,"-1,316","-1,350",-361,"-2,192","-1,753","-1,722","-1,333","-1,593",-601,-590,"-1,355",-965,"-2,612","-1,789","-1,800","-1,787","-1,740","-2,293","-1,693",-305,8,-34,-793,"-1,074",-641,-965,"-1,200","-1,778","-1,581","-1,806","-2,089","-2,072","-2,004","-2,552","-2,364","-2,290","-1,410","-1,031","-1,641","-2,055","-2,246","-2,154","-1,820","-1,519","-2,159","-2,832","-2,308","-2,096"
19, Yamanashi-ken,"-11,454","-9,755","-11,699","-13,809",- 12 775,"-13,591","-10,698","-10,674","-11,682","-7,433","-7,827","-6,829","-6,051","-5,182","-6,302","-5,633","-5,082","-4,101","-3,901","-2,740","-1,358","-2,690","-2,007","-1,438","-1,774","-1,006",-224,-265,-37,"1,224","1,095","2,028","1,516",234,"1,395","1,516","3,338","2,513","1,120","2,426","2,348","1,384","1,132",297,312,330,204,"-1,373","-1,343","-2,144","-1,084","-1,589","-2,428","-2,507","-3,517","-1,182","-1,368","-1,846","-1,278","-2,321","-2,564","-2,553","-2,011","-2,684","-2,454","-2,353","-1,358",252
20, Nagano-ken,"-26,183","-21,726","-23,585","-27,032",- 21 476,"-22,402","-22,293","-20,353","-18,413","-18,741","-16,439","-15,879","-15,443","-14,262","-12,912","-12,246","-9,501","-7,464","-5,988","-3,602","-2,646","-4,122",-47,477,-652,"-1,254","-1,817","-2,058","-2,149",-607,"3,161","1,601",-375,"-3,250","-2,001","-1,024",-179,336,"1,427","1,664","3,597","3,372","1,654","1,000",-757,708,198,"-1,037","-2,114","-2,558","-2,466","-4,375","-3,963","-4,752","-4,434","-4,528","-2,103",-76,"-2,056","-2,690","-3,279","-2,934","-2,680","-2,681","-3,603","-4,327","-2,081",-972
21, Gifu-ken,"-13,425","-13,820","-11,183","-9,649",- 7 408,"-3,909","-1,960","-5,845","-1,605",-731,"-4,034","-3,142","-7,666","-5,748","-6,745","-3,079","1,140","-2,249",-976,573,173,-66,"2,204","3,871","1,351","1,897","2,045","2,047","2,244",183,2,-852,-960,-370,798,517,"3,186",737,-1,-238,286,163,"-1,503","-1,601","-2,785","-2,210","-3,223","-3,940","-3,546","-3,149","-3,564","-3,660","-3,735","-3,728","-4,663","-5,188","-3,388","-2,351","-3,916","-4,812","-4,154","-5,194","-5,031","-5,755","-5,374","-6,233","-5,697","-5,162"
22, Shizuoka-ken,-330,"-7,577","-10,621","-7,793",- 10 528,"-8,012","-4,111","-2,485","4,421","5,716","3,964","2,691",-358,"6,646","3,844",931,"9,676","6,904","1,892","7,466",-336,"-2,876","-4,759","-4,749","-5,227","-4,707","-3,064","-2,490",-681,"-3,768","-1,481","2,626","1,449","1,715","2,710","1,195","1,057",795,-246,206,"1,819","-2,276","-1,745","-3,327","-3,039","-2,033","-1,642","-2,299","-2,850","-2,238","-2,493","-1,595","-2,064","-1,779",-943,"-3,138","-3,894","-2,074","-3,952","-6,892","-7,240","-6,206","-6,390","-5,242","-6,654","-7,398","-5,580","-4,649"
23, Aichi-ken,"30,873","33,865","50,536","51,578", 29 463,"47,549","68,607","74,643","66,409","74,853","70,807","48,907","38,225","43,167","48,238","52,012","46,316","32,407","17,591","16,984",363,"-9,991","-13,048","-6,619","-4,552","-8,645","-9,950","-9,688","-7,935","-5,285","-2,215","5,482","9,511","6,145","1,844","3,952","3,201","3,829","1,231",-172,"-3,557","-1,907","-1,790","1,951","5,601","4,051","1,660","3,358","5,748","7,243","11,324","19,258","20,999","20,520","18,391","4,075","-1,262","6,379","7,592","7,891","6,190","8,322","6,265","4,839","2,159",969,"-2,267","-2,595"
24, Mie-ken,"-8,354","-11,209","-11,484","-13,532",- 11 284,"-14,307","-7,672","-5,318","-4,829","-4,947","-7,258","-10,491","-10,320","-11,650","-10,429","-4,437","-2,377","-2,092",656,807,"1,865",507,-990,-30,-233,476,"5,503","5,967","3,754","1,057",-112,"2,276","2,420","2,801","3,272","6,752","6,231","5,288","3,954","4,093","5,328","4,628","2,146",419,631,-824,-578,"-2,014","-2,849","-1,564",434,-586,610,762,-203,"-3,424","-1,592",-968,"-2,109","-3,226","-2,839","-4,218","-3,597","-4,063","-4,225","-6,251","-4,311","-3,480"
25, Shiga-ken,"-7,707","-7,342","-7,975","-9,620",- 9 888,"-4,576","-2,055","-2,627","-3,945","-5,407","-2,117","-2,962","-4,197","-3,018",773,"3,275","8,298","5,950","5,501","9,816","10,427","9,353","10,362","9,653","6,629","9,056","9,357","7,171","7,103","5,051","4,978","5,863","4,076","5,048","8,130","10,277","10,442","5,124","5,039","7,157","7,305","7,376","5,294","5,789","5,891","4,723","4,840","2,412","2,204","1,768","1,803","1,593","2,891","3,030","2,875","1,084","2,316","3,114","1,283",-143,-889,"-1,987",-706,-715,-542,-411,-492,339
26, Kyoto-fu,"1,262","2,999","1,598","5,557",- 1 462,"-3,718","-5,775","1,713","3,579","2,881","3,080","2,940","4,644","8,250","5,658","4,930","3,155",-946,"7,761","5,598","-2,096",593,588,"-1,930","-1,328","-4,067","-2,649","-1,378",720,48,"-2,342","-4,341","-1,984","-4,683","-3,245","-6,377","-8,333","-4,888","-4,451","-5,508","-4,056","1,035","-1,269","-2,482","-1,994","-3,435","-5,003","-3,831","-4,240","-3,040","-1,826","-2,221","-2,790","-4,337","-3,269","-3,601","-1,940",37,-418,"-1,973","-1,174",-279,-750,"-1,662","-2,990","-3,443","-3,928","-3,474"
27, Osaka-fu,"80,079","75,531","90,405","133,546", 103 994,"120,091","150,995","168,108","155,478","139,078","130,420","99,796","76,319","79,981","81,793","81,146","56,700","26,352","1,323","-26,653","-28,769","-36,331","-44,311","-47,271","-42,464","-41,476","-40,286","-33,408","-27,324","-16,666","-13,582","-20,265","-12,573","-18,653","-35,727","-44,289","-51,722","-40,464","-38,770","-39,119","-36,874","11,748","-23,182","-27,849","-28,464","-28,953","-26,654","-20,568","-20,433","-13,892","-12,943","-8,756","-6,353","-4,952","-3,568","-2,273","-3,570","4,903","5,381","3,377",-391,"2,296","1,794","2,961","5,197","10,693","13,382","5,883"
28, Hyogo-ken,"18,903","13,523","18,516","29,581", 14 714,"22,867","34,359","44,287","40,547","31,397","29,022","18,715","11,915","9,505","14,889","25,331","17,980","2,013",24,"1,615","-5,586","-9,988","-11,394","-14,265","-15,201","-15,957","-11,532","-7,749","-6,142","-5,886","-4,785","-2,495","-2,330","-1,808","6,709","14,241","15,975","11,612","11,087","11,870","10,416","-59,626","4,694","9,907","11,658","10,860","2,310","3,923",568,"-1,179","-1,138",847,98,"-1,437",-114,203,"-2,643","1,234","-1,295","-5,214","-7,092","-7,409","-6,760","-6,657","-6,088","-7,260","-7,523","-6,220"
29, Nara-ken,"-9,369","-8,386","-7,921","-7,526",- 6 557,"-5,701","-5,508","-3,583",-373,"3,732","2,160","5,459","8,973","9,390","11,215","15,434","16,906","19,126","20,258","21,762","12,950","10,566","12,341","18,594","19,136","20,631","20,057","14,849","11,390","9,717","9,535","8,191","8,371","11,109","10,962","12,483","9,046","6,297","8,091","7,766","5,417","7,862","4,281","1,636","-1,114",-29,"-2,305","-5,145","-4,376","-4,631","-4,870","-4,892","-4,682","-4,920","-4,192","-2,884","-2,297","-1,965","-2,691","-2,781","-3,065","-3,962","-3,619","-3,467","-4,026","-3,847","-3,049","-1,696"
30, Wakayama-ken,"-4,225","-3,469","-7,227","-9,836",- 6 664,"-6,696","-5,512","-4,125","-4,813","-1,533","-1,227","-1,641","-4,244","-3,805","-5,174","-7,029","-6,295","-4,345","-3,770","-4,676","-4,554","-3,322","-1,882","-3,480","-2,779","-3,185","-3,388","-2,689","-2,738","-4,714","-5,149","-4,745","-5,267","-5,126","-3,126",-857,553,-387,"1,334","1,373","2,593","1,444",-683,"-1,861","-1,827","-1,979","-2,615","-2,923","-3,248","-3,891","-3,307","-3,646","-4,005","-4,731","-3,784","-2,504","-2,225","-1,975","-2,382","-2,505","-2,957","-3,980","-3,894","-3,488","-3,581","-3,868","-3,177","-2,151"
31, Tottori-ken,"-5,280","-4,778","-6,507","-8,306",- 6 333,"-6,810","-7,906","-7,475","-7,071","-6,861","-6,528","-6,373","-5,927","-4,855","-4,226","-3,502","-3,830","-3,658","-2,543","-1,129",-925,"-1,304",453,497,-47,978,316,-424,-926,"-1,446","-1,273","-1,326","-1,639","-1,840","-1,201","-1,509",-962,"-1,213","-1,529",-491,282,811,-111,-287,-370,-19,-220,-520,-367,-790,-909,"-1,767","-1,891","-2,465","-2,885","-1,853","-1,132","-1,059","-1,453","-1,683","-1,131","-1,503","-1,310","-1,484","-1,983","-1,735","-1,008",-870
32, Shimane-ken,"-5,541","-7,564","-10,265","-12,990",- 10 230,"-13,766","-13,448","-14,398","-16,595","-17,165","-17,636","-16,703","-13,382","-13,301","-12,433","-12,748","-11,661","-9,315","-6,122","-3,583","-3,570","-2,268",-563,-413,-73,-621,-806,"-1,442","-1,455","-2,952","-1,124","-2,099","-2,796","-3,150","-3,410","-3,645","-3,447","-3,425","-3,239","-2,067",-248,-115,"-1,309","-1,013","-1,514",-626,-241,"-1,240","-1,730","-1,875","-2,304","-2,479","-2,978","-2,934","-2,650","-1,899","-1,570",-993,"-1,199","-1,347","-1,601","-1,366","-1,252","-1,528","-1,457","-1,624","-1,532","-1,270"
33, Okayama-ken,"-10,220","-9,798","-9,300","-15,203",- 14 013,"-13,899","-12,318","-17,458","-18,955","-14,503","-11,647","-7,100","-3,714",-87,-889,676,"6,026","6,120",77,614,"2,977","1,354",-888,"-2,734","-1,900",-998,"-1,673","-1,241","-2,177","-2,042","-2,529","-2,370","-2,129","-3,981","-3,073","-2,878","-1,280",-995,-857,835,"1,346","2,391",-143,25,-797,"-1,414","-1,328","-1,787","-1,846",-833,"-1,023","-1,590","-2,743","-1,740","-2,691","-2,634","-2,084",605,404,-723,-382,"-1,250","-1,973","-2,182","-3,323","-3,266","-1,983","-2,882"
34, Hiroshima-ken,"-6,298","-8,715","-6,183","-5,778",- 4 746,"-6,549","-6,315","-4,373",-186,"2,056","5,036","4,449","7,622","9,849","14,043","10,528","8,885","13,127","15,258","11,506","2,396","-1,584","-5,797","-4,554","-13,253","-6,020","3,412","2,812","-3,509","-3,185","-3,693","-3,396","-4,342","-6,334","-4,894","-4,506",-896,"-2,652",-749,"-2,024","-2,821",-473,"-3,653","-4,313","-4,282","-5,468","-5,640","-7,001","-4,824","-3,716","-1,831","-1,969","-2,625","-3,671","-4,448","-3,207","-1,902",-957,"-2,786","-2,953","-2,639","-2,856","-2,136","-3,176","-3,537","-5,318","-4,179","-5,363"
35, Yamaguchi-ken,"-5,672","-5,718","-4,037","-5,869",- 5 867,"-11,740","-15,957","-19,201","-18,020","-28,268","-24,994","-17,204","-18,612","-21,224","-16,880","-14,603","-12,102","-10,695","-6,812","-7,681","-4,750","-2,320",-852,"-2,044","-2,897","-5,158","-3,468","-2,439","-1,861","-4,974","-5,680","-5,669","-7,742","-7,595","-6,506","-7,289","-7,447","-4,498","-3,425","-2,494","-1,587","-1,304","-2,876","-2,127","-2,344","-3,041","-3,628","-3,510","-3,332","-3,270","-3,213","-3,725","-4,508","-4,229","-3,853","-2,721","-2,886","-1,992","-3,635","-3,187","-3,647","-4,630","-3,801","-4,093","-4,140","-4,430","-3,295","-2,704"
36, Tokushima-ken,"-9,710","-9,941","-11,310","-14,493",- 10 429,"-10,596","-13,777","-13,887","-12,448","-11,730","-11,783","-10,162","-10,087","-11,224","-10,042","-9,333","-7,838","-6,537","-5,309","-3,752","-3,348","-3,041",-738,-643,-484,-413,"-1,406","-2,094","-2,193","-2,163","-1,949","-2,522","-2,301","-1,954","-2,188","-2,361","-2,051","-1,705","-1,112",-576,-277,877,158,-541,-6,"-1,133","-1,319","-1,192","-1,127","-1,739","-1,749","-2,258","-2,132","-2,920","-2,862","-2,038","-1,585","-1,132",-831,"-1,694","-1,495","-2,234","-1,748","-1,971","-2,290","-2,963","-2,345","-1,638"
37, Kagawa-ken,"-6,730","-5,643","-7,492","-11,939",- 7 808,"-9,630","-12,065","-11,556","-9,211","-4,879","-7,336","-5,582","-6,187","-3,260","-2,925","-3,046","-1,567",386,713,"2,140","2,855",293,"1,560","1,967",94,945,552,226,-297,-611,-546,-409,"-1,397","-1,992","-1,387","-1,257",-822,-971,-435,11,584,"1,333",357,-49,-66,-202,"-1,483","-1,841","-1,423","-1,072",-806,"-1,640","-1,343","-1,808","-1,395",-834,"-1,405",-41,188,-998,"-1,149",-492,"-1,101",-962,"-1,628","-2,013","-1,827","-1,763"
38, Ehime-ken,"-12,710","-10,737","-12,085","-20,242",- 16 274,"-18,054","-23,001","-25,101","-25,541","-24,419","-20,219","-17,056","-16,287","-15,553","-16,958","-16,123","-13,055","-9,139","-7,277","-5,693","-2,771","-2,581",-978,-692,"-3,927","-3,311","-3,166","-3,053","-4,193","-3,740","-3,794","-4,084","-5,961","-6,914","-5,191","-4,668","-4,516","-4,515","-3,179","-2,734","-1,928","-1,343","-1,752","-1,787","-2,973","-3,457","-2,758","-2,652","-2,781","-2,145","-2,845","-3,206","-4,272","-4,459","-3,545","-2,637","-2,596","-1,926","-2,506","-3,148","-3,512","-3,869","-3,647","-3,247","-4,063","-4,234","-3,175","-2,522"
39, Kochi-ken,"-3,214","-3,376","-4,852","-10,993",- 7 377,"-8,660","-13,191","-12,997","-12,828","-11,450","-11,143","-10,599","-8,683","-7,546","-8,697","-10,014","-7,534","-5,252","-2,163","-2,078","-1,958",323,"1,459",498,"1,152",400,-380,-930,"-1,011","-1,364","-1,972","-2,333","-2,875","-2,568","-2,384","-2,990","-3,655","-2,998","-2,709","-1,004",112,506,-670,-265,-248,285,68,-649,-586,"-1,109","-1,460","-2,463","-3,491","-4,542","-4,321","-2,178",-782,"-1,439","-1,939","-1,780","-2,179","-2,278","-2,265","-2,135","-2,328","-2,583","-1,997","-1,416"
40, Fukuoka-ken,-328,"1,033","5,093","12,073", 10 360,"-4,912","-30,716","-40,482","-34,919","-51,885","-35,978","-23,094","-14,918","-24,133","-31,035","-32,824","-31,421","-15,654","-7,362","-5,383","4,832","22,385","18,533","14,343","6,894","8,780","4,405","7,109","3,623","2,542","-1,180","-5,033","-7,417","-7,687","-2,154","2,070","2,982","4,835","10,574","11,086","10,406","12,046","11,536","9,829","7,278","4,300","4,270","3,638","4,001","2,532","2,413","1,584","3,122","-2,125","-3,286",469,"2,673","9,719","8,667","5,825","3,900","3,603","5,732","6,388","6,243","6,324","7,808","7,691"
41, Saga-ken,"-10,520","-9,878","-12,218","-15,589",- 12 621,"-14,907","-20,844","-25,672","-26,891","-23,588","-20,862","-13,914","-8,798","-11,426","-16,709","-19,389","-12,961","-13,142","-9,480","-8,353","-4,511","-2,829","-2,024","-1,423","-1,349",-531,"-1,259","-1,969","-2,645","-2,207","-3,837","-4,138","-3,866","-3,692","-3,695","-3,502","-2,863","-2,342","-1,365",-609,187,378,-689,"-1,436","-1,576","-1,665","-1,434","-2,378","-2,249","-1,423","-2,311","-2,103","-2,596","-2,734","-2,061","-1,909","-1,588",-768,"-1,370","-1,743","-2,269","-2,671","-2,300","-2,080","-1,579","-2,042","-1,794","-1,179"
42, Nagasaki-ken,"-11,943","-15,430","-10,460","-16,710",- 9 670,"-16,055","-31,009","-38,835","-42,312","-40,717","-45,007","-27,569","-20,153","-24,382","-28,046","-33,570","-39,303","-23,067","-22,139","-18,457","-7,905","-7,820","-8,064","-6,266","-7,405","-10,542","-6,722","-6,769","-8,827","-9,154","-10,204","-8,952","-11,239","-11,861","-9,830","-11,612","-10,272","-10,083","-8,045","-4,856","-4,513","-4,781","-5,457","-6,240","-6,817","-5,230","-4,610","-4,845","-4,929","-5,207","-5,833","-8,221","-9,600","-10,064","-8,799","-5,886","-4,863","-4,333","-4,906","-5,892","-5,853","-5,848","-5,573","-5,883","-6,311","-7,020","-6,000","-5,670"
43, Kumamoto-ken,"-6,149","-5,627","-12,917","-20,877",- 20 635,"-22,028","-29,565","-36,291","-33,203","-29,331","-31,907","-22,820","-16,707","-21,060","-26,148","-29,521","-33,311","-24,127","-14,288","-11,038","-3,751","-1,666","2,902","2,391","1,717",842,"1,219",-814,"-1,551","-2,522","-1,294","-3,663","-4,147","-4,630","-5,097","-5,370","-3,613","-2,963",-796,306,600,944,-112,-361,-834,"-1,384",-465,"-1,417","-2,633","-3,081","-2,169","-3,901","-4,194","-5,135","-3,967","-4,261","-2,272",-396,-942,"-2,683","-2,861","-3,933","-6,791","-3,841","-3,945","-4,254","-3,605",-723
44, Oita-ken,"-6,575","-7,995","-11,829","-16,817",- 15 359,"-14,649","-17,596","-20,865","-20,396","-16,832","-20,537","-17,103","-14,880","-14,819","-13,921","-16,246","-7,950","-2,987","-8,526","-7,022","-2,188",-72,66,"-1,423",-167,389,"-1,998",-942,"-2,330","-2,085","-2,347","-3,210","-4,784","-5,967","-4,671","-4,729","-3,532","-2,851","-2,931","-1,998",-429,-945,"-1,514","-1,458","-2,117","-1,293","-1,812","-2,245","-1,727","-1,590",-328,"-2,016","-1,457",-845,"-1,780","-2,280","-2,043",-807,"-1,660","-2,562","-2,648","-2,412","-2,608","-2,885","-3,484","-3,094","-2,311","-1,441"
45, Miyazaki-ken,"-4,810","-5,101","-8,491","-15,138",- 11 045,"-12,463","-16,339","-19,409","-21,514","-20,979","-19,873","-14,767","-8,866","-12,503","-14,106","-16,075","-17,932","-12,484","-7,112","-3,531","1,175",961,"3,744","3,781","2,748","2,603","1,406",-909,"-2,231","-3,943","-3,923","-4,940","-6,785","-4,788","-4,091","-4,970","-4,957","-4,953","-1,965",560,233,-436,-788,"-2,453","-2,614","-1,133","-2,302","-2,980","-2,956","-2,048","-2,611","-3,665","-3,678","-4,744","-4,274","-2,286","-2,147","-1,195","-2,165","-2,740","-3,185","-3,462","-4,288","-3,314","-3,582","-3,440","-2,482","-1,446"
46, Kagoshima-ken,"-20,614","-18,631","-29,522","-45,135",- 30 868,"-34,092","-41,748","-43,011","-44,188","-36,024","-37,344","-34,454","-26,614","-29,076","-35,350","-39,322","-38,814","-26,854","-15,930","-11,996","-9,765","-4,534",468,945,"1,220","1,640",60,"-1,298","-3,147","-4,605","-3,231","-3,775","-6,941","-6,626","-9,094","-9,571","-9,603","-8,091","-6,272","-2,326","1,109","2,015",-214,"-1,120","-2,170",-920,-345,"-2,590","-2,662","-2,780","-2,628","-4,478","-6,427","-7,075","-7,366","-3,757","-2,985","-1,377","-3,599","-3,739","-4,559","-5,298","-4,473","-4,756","-4,604","-5,168","-3,276","-1,538"
47, Okinawa-ken,－,－,－,－,－,－,－,－,－,－,－,－,－,－,－,－,－,－,－,"8,606","6,336","3,976","-2,171","-3,345","-5,082","-2,944","-3,570","-2,710","-2,577",-408,706,714,"-1,870","-2,761","-3,765","-4,275","-4,356","-5,282","-2,532",487,"1,255","1,021",-35,-377,837,"2,411","2,104",617,"1,457","2,087","2,877","2,002",-591,"-2,196","-3,220",801,416,"3,147","1,115",31,-37,16,-272,"-1,112",-753,166,"1,689",483